{
    "omega": [
        0.13860353618766708,
        0.02726885554933356
    ],
    "sigma": [
        1.3390184313435172,
        1.3465807517847492
    ]
}