doc_id,doc_time_elapsed
N_166632,291.4483333333333
N_51526,162.015
N_77465,156.17166666666665
G_77465,146.495
G_166632,131.16750000000002
G_51526,124.36
